partition,config,mae,regret,hit,balanced_group_regret,program_group_regret,selected_epochs
original,direct400,1.1305789121259482,0.5128205128205128,0.6923076923076923,0.3977272727272727,0.25,"102,34,51,44"
original,long400,0.8237923999818472,0.48717948717948717,0.6923076923076923,0.38257575757575757,0.25,"38,359,15,48"
original,opcode-weighted400,1.0611689283679693,0.6153846153846154,0.5897435897435898,0.4583333333333333,0.25,"5,3,11,224"
original,opcode400,0.9456275610778576,0.4358974358974359,0.6666666666666666,0.3522727272727273,0.25,"8,3,387,254"
original,reference80,0.8390024286241103,0.7435897435897436,0.5128205128205128,0.7083333333333333,0.75,"80,80,80,80"
original,weighted400,0.8977379253468453,0.6153846153846154,0.5897435897435898,0.4431818181818182,0.25,"31,46,11,46"
outer0,direct400,0.7824381109657799,0.5694444444444444,0.625,0.43588709677419357,0.275,"212,288,338,293"
outer0,long400,0.7790056874404601,0.6666666666666666,0.5277777777777778,0.5467741935483872,0.4,"81,301,79,76"
outer0,opcode-weighted400,0.8286698430127635,0.6527777777777778,0.5138888888888888,0.5725806451612903,0.5,"149,156,19,94"
outer0,opcode400,0.9210637568229407,0.6805555555555556,0.5,0.5717741935483871,0.45,"5,181,19,72"
outer0,reference80,0.8079067768663218,0.6527777777777778,0.5694444444444444,0.48427419354838713,0.275,"80,80,80,80"
outer0,weighted400,0.7959995814404096,0.6388888888888888,0.5555555555555556,0.5306451612903226,0.4,"71,298,239,154"
outer1,direct400,1.3444601213932037,0.56,0.6266666666666667,0.4314516129032258,0.25,"61,59,54,42"
outer1,long400,0.6678808439771334,0.5066666666666667,0.64,0.581221198156682,0.6785714285714286,"152,62,216,309"
outer1,opcode-weighted400,0.8126454923550288,0.4533333333333333,0.6133333333333333,0.3418778801843318,0.23214285714285715,"12,47,50,61"
outer1,opcode400,0.8830513295034568,0.5066666666666667,0.5866666666666667,0.4035138248847926,0.3392857142857143,"6,66,58,27"
outer1,reference80,0.7972179811199506,0.5733333333333334,0.6133333333333333,0.494815668202765,0.39285714285714285,"80,80,80,80"
outer1,weighted400,0.7685722408195337,0.5866666666666667,0.6,0.48502304147465436,0.35714285714285715,"55,89,30,128"
outer2,direct400,0.958156500624059,0.7671232876712328,0.5205479452054794,0.5665322580645161,0.375,"52,37,299,63"
outer2,long400,0.9346297316967624,0.7123287671232876,0.547945205479452,0.4879032258064516,0.25,"38,6,144,33"
outer2,opcode-weighted400,0.7266235906783849,0.6164383561643836,0.6301369863013698,0.43951612903225806,0.25,"127,181,216,120"
outer2,opcode400,0.722167054982218,0.6164383561643836,0.6164383561643836,0.43951612903225806,0.25,"236,203,224,95"
outer2,reference80,0.7579786769331318,0.6712328767123288,0.547945205479452,0.4637096774193548,0.25,"80,80,80,80"
outer2,weighted400,1.001917326899424,0.7123287671232876,0.547945205479452,0.5342741935483871,0.375,"34,14,43,45"
